1회차,10,23,29,33,37,40
2회차,9,13,21,25,32,42
3회차,11,16,19,21,27,31
4회차,14,27,30,31,40,42
5회차,16,24,29,40,41,42
6회차,14,15,26,27,40,42
7회차,2,9,16,25,26,40
8회차,8,19,25,34,37,39
9회차,2,4,16,17,36,39
10회차,9,25,30,33,41,44
11회차,1,7,36,37,41,42
12회차,2,11,21,25,39,45
13회차,22,23,25,37,38,42
14회차,2,6,12,31,33,40
15회차,3,4,16,30,31,37
16회차,6,7,24,37,38,40
17회차,3,4,9,17,32,37
18회차,3,12,13,19,32,35
19회차,6,30,38,39,40,43
20회차,10,14,18,20,23,30
21회차,6,12,17,18,31,32
22회차,4,5,6,8,17,39
23회차,5,13,17,18,33,42
24회차,7,8,27,29,36,43
25회차,2,4,21,26,43,44
26회차,4,5,7,18,20,25
27회차,1,20,26,28,37,43
28회차,9,18,23,25,35,37
29회차,1,5,13,34,39,40
30회차,8,17,20,35,36,44
31회차,7,9,18,23,28,35
32회차,6,14,19,25,34,44
33회차,4,7,32,33,40,41
34회차,9,26,35,37,40,42
35회차,2,3,11,26,37,43
36회차,1,10,23,26,28,40
37회차,7,27,30,33,35,37
38회차,16,17,22,30,37,43
39회차,6,7,13,15,21,43
40회차,7,13,18,19,25,26
41회차,13,20,23,35,38,43
42회차,17,18,19,21,23,32
43회차,6,31,35,38,39,44
44회차,3,11,21,30,38,45
45회차,1,10,20,27,33,35
46회차,8,13,15,23,31,38
47회차,14,17,26,31,36,45
48회차,6,10,18,26,37,38
49회차,4,7,16,19,33,40
50회차,2,10,12,15,22,44
51회차,2,3,11,16,26,44
52회차,2,4,15,16,20,29
53회차,7,8,14,32,33,39
54회차,1,8,21,27,36,39
55회차,17,21,31,37,40,44
56회차,10,14,30,31,33,37
57회차,7,10,16,25,29,44
58회차,10,24,25,33,40,44
59회차,6,29,36,39,41,45
60회차,2,8,25,36,39,42
61회차,14,15,19,30,38,43
62회차,3,8,15,27,29,35
63회차,3,20,23,36,38,40
64회차,14,15,18,21,26,36
65회차,4,25,33,36,40,43
66회차,2,3,7,17,22,24
67회차,3,7,10,15,36,38
68회차,10,12,15,16,26,39
69회차,5,8,14,15,19,39
70회차,5,19,22,25,28,43
71회차,5,9,12,16,29,41
72회차,2,4,11,17,26,27
73회차,3,12,18,32,40,43
74회차,6,15,17,18,35,40
75회차,2,5,24,32,34,44
76회차,1,3,15,22,25,37
77회차,2,18,29,32,43,44
78회차,10,13,25,29,33,35
79회차,3,12,24,27,30,32
80회차,17,18,24,25,26,30
81회차,5,7,11,13,20,33
82회차,1,2,3,14,27,42
83회차,6,10,15,17,19,34
84회차,16,23,27,34,42,45
85회차,6,8,13,23,31,36
86회차,2,12,37,39,41,45
87회차,4,12,16,23,34,43
88회차,1,17,20,24,30,41
89회차,4,26,28,29,33,40
90회차,17,20,29,35,38,44
91회차,1,21,24,26,29,42
92회차,3,14,24,33,35,36
93회차,6,22,24,36,38,44
94회차,5,32,34,40,41,45
95회차,8,17,27,31,34,43
96회차,1,3,8,21,22,31
97회차,6,7,14,15,20,36
98회차,6,9,16,23,24,32
99회차,1,3,10,27,29,37
100회차,1,7,11,23,37,42
101회차,1,3,17,32,35,45
102회차,17,22,24,26,35,40
103회차,5,14,15,27,30,45
104회차,17,32,33,34,42,44
105회차,8,10,20,34,41,45
106회차,4,10,12,22,24,33
107회차,1,4,5,6,9,31
108회차,7,18,22,23,29,44
109회차,1,5,34,36,42,44
110회차,7,20,22,23,29,43
111회차,7,18,31,33,36,40
112회차,26,29,30,33,41,42
113회차,4,9,28,33,36,45
114회차,11,14,19,26,28,41
115회차,1,2,6,9,25,28
116회차,2,4,25,31,34,37
117회차,5,10,22,34,36,44
118회차,3,4,10,17,19,22
119회차,3,11,13,14,17,21
120회차,4,6,10,11,32,37
121회차,12,28,30,34,38,43
122회차,1,11,16,17,36,40
123회차,7,17,18,28,30,45
124회차,4,16,23,25,29,42
125회차,2,8,32,33,35,36
126회차,7,20,22,27,40,43
127회차,3,5,10,29,32,43
128회차,12,30,34,36,37,45
129회차,19,23,25,28,38,42
130회차,7,19,24,27,42,45
131회차,8,10,11,14,15,21
132회차,3,17,23,34,41,45
133회차,4,7,15,18,23,26
134회차,3,12,20,23,31,35
135회차,6,14,22,28,35,39
136회차,2,16,30,36,41,42
137회차,7,9,20,25,36,39
138회차,10,11,27,28,37,39
139회차,9,11,15,20,28,43
140회차,3,13,17,18,19,28
141회차,8,12,29,31,42,43
142회차,12,16,30,34,40,44
143회차,26,27,28,42,43,45
144회차,4,15,17,26,36,37
145회차,2,3,13,20,27,44
146회차,2,19,27,35,41,42
147회차,4,6,13,21,40,42
148회차,21,25,33,34,35,36
149회차,2,11,21,34,41,42
150회차,2,18,25,28,37,39
151회차,1,2,10,13,18,19
152회차,1,5,13,26,29,34
153회차,3,8,11,12,13,36
154회차,6,19,21,35,40,45
155회차,16,19,20,32,33,41
156회차,5,18,28,30,42,45
157회차,19,26,30,33,35,39
158회차,4,9,13,18,21,34
159회차,1,18,30,41,42,43
160회차,3,7,8,34,39,41
161회차,22,34,36,40,42,45
162회차,1,5,21,25,38,41
163회차,7,11,26,28,29,44
164회차,6,9,10,11,39,41
165회차,5,13,18,19,22,42
166회차,9,12,27,36,39,45
167회차,24,27,28,30,36,39
168회차,3,10,31,40,42,43
169회차,16,27,35,37,43,45
170회차,2,11,13,15,31,42
171회차,4,16,25,29,34,35
172회차,4,19,21,24,26,41
173회차,3,9,24,30,33,34
174회차,13,14,18,22,35,39
175회차,19,26,28,31,33,36
176회차,4,17,30,32,33,34
177회차,1,10,13,16,37,43
178회차,1,5,11,12,18,23
179회차,5,9,17,25,39,43
180회차,2,15,20,21,29,34
181회차,14,21,23,32,40,45
182회차,13,15,27,29,34,40
183회차,2,18,24,34,40,42
184회차,1,2,6,16,20,33
185회차,1,2,4,8,19,38
186회차,4,10,14,19,21,45
187회차,1,2,8,18,29,38
188회차,19,24,27,30,31,34
189회차,8,14,32,35,37,45
190회차,8,14,18,30,31,44
191회차,5,6,24,25,32,37
192회차,4,8,11,18,37,45
193회차,6,14,18,26,36,39
194회차,15,20,23,26,39,44
195회차,7,10,19,22,35,40
196회차,35,36,37,41,44,45
197회차,7,12,16,34,42,45
198회차,12,19,20,25,41,45
199회차,14,21,22,25,30,36
200회차,5,6,13,14,17,20
201회차,3,11,24,38,39,44
202회차,12,14,27,33,39,44
203회차,1,3,11,24,30,32
204회차,3,12,14,35,40,45
205회차,1,3,21,29,35,37
206회차,1,2,3,15,20,25
207회차,3,11,14,31,32,37
208회차,14,25,31,34,40,44
209회차,2,7,18,20,24,33
210회차,10,19,22,23,25,37
211회차,12,13,17,20,33,41
212회차,11,12,18,21,31,38
213회차,2,3,4,5,20,24
214회차,5,7,20,25,28,37
215회차,2,3,7,15,43,44
216회차,7,16,17,33,36,40
217회차,16,20,27,33,35,39
218회차,1,8,14,18,29,44
219회차,4,11,20,26,35,37
220회차,5,11,19,21,34,43
221회차,2,20,33,35,37,40
222회차,5,7,28,29,39,43
223회차,1,3,18,20,26,27
224회차,4,19,26,27,30,42
225회차,5,11,13,19,31,36
226회차,2,6,8,14,21,22
227회차,4,5,15,16,22,42
228회차,17,25,35,36,39,44
229회차,4,5,9,11,23,38
230회차,5,11,14,29,32,33
231회차,5,10,19,31,44,45
232회차,8,9,10,12,24,44
233회차,4,6,13,17,28,40
234회차,13,21,22,24,26,37
235회차,21,22,26,27,31,37
236회차,1,4,8,13,37,39
237회차,1,11,17,21,24,44
238회차,2,4,15,28,31,34
239회차,11,15,24,39,41,44
240회차,6,10,16,40,41,43
241회차,2,16,24,27,28,35
242회차,4,19,20,21,32,34
243회차,2,12,17,19,28,42
244회차,13,16,25,36,37,38
245회차,9,11,27,31,32,38
246회차,13,18,21,23,26,39
247회차,12,15,28,36,39,40
248회차,3,8,17,23,38,45
249회차,3,8,27,31,41,44
250회차,19,23,30,37,43,45
251회차,6,7,19,25,28,38
252회차,14,23,26,31,39,45
253회차,8,19,25,31,34,36
254회차,1,5,19,20,24,30
255회차,1,5,6,24,27,42
256회차,4,11,14,21,23,43
257회차,6,13,27,31,32,37
258회차,14,27,30,31,38,40
259회차,4,5,14,35,42,45
260회차,7,12,15,24,37,40
261회차,6,11,16,18,31,43
262회차,9,12,24,25,29,31
263회차,1,27,28,32,37,40
264회차,9,16,27,36,41,44
265회차,5,9,34,37,38,39
266회차,3,4,9,11,22,42
267회차,7,8,24,34,36,41
268회차,3,10,19,24,32,45
269회차,5,18,20,36,42,43
270회차,5,9,12,20,21,26
271회차,3,8,9,27,29,40
272회차,7,9,12,27,39,43
273회차,1,8,24,31,34,44
274회차,13,14,15,26,35,39
275회차,14,19,20,35,38,40
276회차,4,15,21,33,39,41
277회차,10,12,13,15,25,29
278회차,3,11,37,39,41,43
279회차,7,16,31,36,37,38
280회차,10,11,23,24,36,37
281회차,1,3,4,6,14,41
282회차,2,5,10,18,31,32
283회차,6,8,18,31,38,45
284회차,2,7,15,24,30,45
285회차,13,33,37,40,41,45
286회차,1,15,19,40,42,44
287회차,6,12,24,27,35,37
288회차,1,12,17,28,35,41
289회차,3,14,33,37,38,42
290회차,8,13,18,32,39,45
291회차,3,7,8,18,20,42
292회차,17,18,31,32,33,34
293회차,1,9,17,21,29,33
294회차,6,10,17,30,37,38
295회차,1,4,12,16,18,38
296회차,3,8,15,27,30,45
297회차,6,11,19,20,28,32
298회차,5,9,27,29,37,40
299회차,1,3,20,25,36,45
300회차,7,9,10,12,26,38
301회차,7,11,13,33,37,43
302회차,13,19,20,32,38,42
303회차,2,14,17,30,38,45
304회차,4,10,16,26,33,41
305회차,7,8,18,21,23,39
306회차,4,18,23,30,34,41
307회차,5,15,21,23,25,45
308회차,14,15,17,19,37,45
309회차,1,2,5,11,18,36
310회차,1,5,19,28,34,41
311회차,4,12,24,27,28,32
312회차,2,3,5,6,12,20
313회차,9,17,34,35,43,45
314회차,15,17,19,34,38,41
315회차,1,13,33,35,43,45
316회차,10,11,21,27,31,39
317회차,3,10,11,22,36,39
318회차,2,17,19,20,34,45
319회차,5,8,22,28,33,42
320회차,16,19,23,25,41,45
321회차,12,18,20,21,25,34
322회차,9,18,29,32,38,43
323회차,10,14,15,32,36,42
324회차,2,4,21,25,33,36
325회차,7,17,20,32,44,45
326회차,16,23,25,33,36,39
327회차,6,12,13,17,32,44
328회차,1,6,9,16,17,28
329회차,9,17,19,30,35,42
330회차,3,4,16,17,19,20
331회차,4,9,14,26,31,44
332회차,16,17,34,36,42,45
333회차,5,14,27,30,39,43
334회차,13,15,21,29,39,43
335회차,5,9,16,23,26,45
336회차,3,5,20,34,35,44
337회차,1,5,14,18,32,37
338회차,2,13,34,38,42,45
339회차,6,8,14,21,30,37
340회차,18,24,26,29,34,38
341회차,1,8,19,34,39,43
342회차,1,13,14,33,34,43
343회차,1,10,17,29,31,43
344회차,1,2,15,28,34,45
345회차,15,20,23,29,39,42
346회차,5,13,14,22,44,45
347회차,3,8,13,27,32,42
348회차,3,14,17,20,24,31
349회차,5,13,14,20,24,25
350회차,1,8,18,24,29,33
351회차,5,25,27,29,34,36
352회차,5,16,17,20,26,41
353회차,11,16,19,22,29,36
354회차,14,19,36,43,44,45
355회차,5,8,29,30,35,44
356회차,2,8,14,25,29,45
357회차,10,14,18,21,36,37
358회차,1,9,10,12,21,40
359회차,1,10,19,20,24,40
360회차,4,16,23,25,35,40
361회차,5,10,16,24,27,35
362회차,2,3,22,27,30,40
363회차,11,12,14,21,32,38
364회차,2,5,7,14,16,40
365회차,5,15,21,25,26,30
366회차,5,12,19,26,27,44
367회차,3,22,25,29,32,44
368회차,11,21,24,30,39,45
369회차,17,20,35,36,41,43
370회차,16,18,24,42,44,45
371회차,7,9,15,26,27,42
372회차,8,11,14,16,18,21
373회차,15,26,37,42,43,45
374회차,11,13,15,17,25,34
375회차,4,8,19,25,27,45
376회차,1,11,13,24,28,40
377회차,6,22,29,37,43,45
378회차,5,22,29,31,34,39
379회차,6,10,22,31,35,40
380회차,1,2,8,17,26,37
381회차,1,5,10,12,16,20
382회차,10,15,22,24,27,42
383회차,4,15,28,33,37,40
384회차,11,22,24,32,36,38
385회차,7,12,19,21,29,32
386회차,4,7,10,19,31,40
387회차,1,26,31,34,40,43
388회차,1,8,9,17,29,32
389회차,7,16,18,20,23,26
390회차,16,17,28,37,39,40
391회차,10,11,18,22,28,39
392회차,1,3,7,8,24,42
393회차,9,16,28,40,41,43
394회차,1,13,20,22,25,28
395회차,11,15,20,26,31,35
396회차,18,20,31,34,40,45
397회차,12,13,17,22,25,33
398회차,10,15,20,23,42,44
399회차,1,2,9,17,19,42
400회차,9,21,27,34,41,43
401회차,6,12,18,31,38,43
402회차,5,9,15,19,22,36
403회차,10,14,22,24,28,37
404회차,5,20,21,24,33,40
405회차,1,2,10,25,26,44
406회차,7,12,21,24,27,36
407회차,6,7,13,16,24,25
408회차,9,20,21,22,30,37
409회차,6,9,21,31,32,40
410회차,1,3,18,32,40,41
411회차,11,14,22,35,37,39
412회차,4,7,39,41,42,45
413회차,2,9,15,23,34,40
414회차,2,14,15,22,23,44
415회차,7,17,20,26,30,40
416회차,5,6,8,11,22,26
417회차,4,5,14,20,22,43
418회차,11,13,15,26,28,34
419회차,2,11,13,14,28,30
420회차,4,9,10,29,31,34
421회차,6,11,26,27,28,44
422회차,8,15,19,21,34,44
423회차,1,17,27,28,29,40
424회차,10,11,26,31,34,44
425회차,8,10,14,27,33,38
426회차,4,17,18,27,39,43
427회차,6,7,15,24,28,30
428회차,12,16,19,22,37,40
429회차,3,23,28,34,39,42
430회차,1,3,16,18,30,34
431회차,18,22,25,31,38,45
432회차,2,3,5,11,27,39
433회차,19,23,29,33,35,43
434회차,3,13,20,24,33,37
435회차,8,16,26,30,38,45
436회차,9,14,20,22,33,34
437회차,11,16,29,38,41,44
438회차,6,12,20,26,29,38
439회차,17,20,30,31,37,40
440회차,10,22,28,34,36,44
441회차,1,23,28,30,34,35
442회차,26,27,29,36,38,40
443회차,4,6,10,19,20,44
444회차,11,13,23,35,43,45
445회차,13,20,21,30,39,45
446회차,1,11,12,14,26,35
447회차,2,7,8,9,17,33
448회차,3,7,13,27,40,41
449회차,3,10,20,26,35,43
450회차,6,14,19,21,23,31
451회차,12,15,20,24,30,38
452회차,8,10,18,30,32,34
453회차,12,24,33,38,40,42
454회차,13,25,27,34,38,41
455회차,4,19,20,26,30,35
456회차,1,7,12,18,23,27
457회차,8,10,18,23,27,40
458회차,4,9,10,32,36,40
459회차,4,6,10,14,25,40
460회차,8,11,28,30,43,45
461회차,11,18,26,31,37,40
462회차,3,20,24,32,37,45
463회차,23,29,31,33,34,44
464회차,6,12,15,34,42,44
465회차,1,8,11,13,22,38
466회차,4,10,13,23,32,44
467회차,2,12,14,17,24,40
468회차,8,13,15,28,37,43
469회차,4,21,22,34,37,38
470회차,10,16,20,39,41,42
471회차,6,13,29,37,39,41
472회차,16,25,26,31,36,43
473회차,8,13,20,22,23,36
474회차,4,13,18,31,33,45
475회차,1,9,14,16,21,29
476회차,9,12,13,15,37,38
477회차,14,25,29,32,33,45
478회차,18,29,30,37,39,43
479회차,8,23,25,27,35,44
480회차,3,5,10,17,30,31
481회차,3,4,23,29,40,41
482회차,1,10,16,24,25,35
483회차,12,15,19,22,28,34
484회차,1,3,27,28,32,45
485회차,17,22,26,27,36,39
486회차,1,2,23,25,38,40
487회차,4,8,25,27,37,41
488회차,2,8,17,30,31,38
489회차,2,4,8,15,20,27
490회차,2,7,26,29,40,43
491회차,8,17,35,36,39,42
492회차,22,27,31,35,37,40
493회차,20,22,26,33,36,37
494회차,5,7,8,15,30,43
495회차,4,13,22,27,34,44
496회차,4,13,20,29,36,41
497회차,19,20,23,24,43,44
498회차,13,14,24,32,39,41
499회차,5,20,23,27,35,40
500회차,3,4,12,20,24,34
501회차,1,4,10,17,31,42
502회차,6,22,28,32,34,40
503회차,1,5,27,30,34,36
504회차,6,14,22,26,43,44
505회차,7,20,22,25,38,40
506회차,6,9,11,22,24,30
507회차,12,13,32,33,40,41
508회차,5,27,31,34,35,43
509회차,12,25,29,35,42,43
510회차,12,29,32,33,39,40
511회차,3,7,14,23,25,42
512회차,4,5,9,13,26,27
513회차,5,8,21,23,27,33
514회차,1,15,20,26,35,42
515회차,2,11,12,15,23,37
516회차,2,8,23,41,43,44
517회차,1,9,12,28,36,41
518회차,14,23,30,32,34,38
519회차,6,8,13,16,30,43
520회차,4,22,27,28,38,40
521회차,3,7,18,29,32,36
522회차,4,5,13,14,37,41
523회차,1,4,37,38,40,45
524회차,10,11,29,38,41,45
525회차,11,23,26,29,39,44
526회차,7,14,17,20,35,39
527회차,1,12,22,32,33,42
528회차,5,17,25,31,39,40
529회차,18,20,24,27,31,42
530회차,16,23,27,29,33,41
531회차,1,5,9,21,27,35
532회차,16,17,23,24,29,44
533회차,9,14,15,17,31,33
534회차,10,24,26,29,37,38
535회차,11,12,14,15,18,39
536회차,7,8,18,32,37,43
537회차,12,23,26,30,36,43
538회차,6,10,18,31,32,34
539회차,3,19,22,31,42,43
540회차,3,12,13,15,34,36
541회차,8,13,26,28,32,34
542회차,5,6,19,26,41,45
543회차,13,18,26,31,34,44
544회차,5,17,21,25,36,44
545회차,4,24,25,27,34,35
546회차,8,17,20,27,37,43
547회차,6,7,15,22,34,39
548회차,1,12,13,21,32,45
549회차,29,31,35,38,40,44
550회차,1,7,14,20,34,37
551회차,3,6,20,24,27,44
552회차,1,10,20,32,35,40
553회차,2,7,17,28,29,39
554회차,13,14,17,32,41,42
555회차,11,17,21,24,26,36
556회차,12,20,23,28,30,44
557회차,4,20,26,28,35,40
558회차,12,15,19,26,40,43
559회차,11,12,25,32,44,45
560회차,1,4,20,23,29,45
561회차,5,7,18,37,42,45
562회차,4,11,13,17,20,31
563회차,5,10,16,17,31,32
564회차,14,19,25,26,27,34
565회차,4,10,18,27,40,45
566회차,4,5,6,25,26,43
567회차,1,10,15,16,32,41
568회차,1,3,17,20,31,44
569회차,3,6,13,23,24,35
570회차,1,12,26,27,29,33
571회차,11,18,21,26,38,43
572회차,3,13,18,33,37,45
573회차,2,4,20,34,35,43
574회차,14,15,16,19,25,43
575회차,2,8,20,30,33,34
576회차,10,11,15,25,35,41
577회차,16,17,22,31,34,37
578회차,5,12,14,32,34,42
579회차,5,7,20,22,37,42
580회차,5,7,9,11,32,35
581회차,3,5,14,20,42,44
582회차,2,12,14,33,40,41
583회차,8,17,27,33,40,44
584회차,7,18,30,39,40,41
585회차,6,7,10,16,38,41
586회차,2,7,12,15,21,34
587회차,14,21,29,31,32,37
588회차,2,8,15,22,25,41
589회차,6,8,28,33,38,39
590회차,20,30,36,38,41,45
591회차,8,13,14,30,38,39
592회차,2,5,6,13,28,44
593회차,9,10,13,24,33,38
594회차,2,8,13,25,28,37
595회차,8,24,28,35,38,40
596회차,3,4,12,14,25,43
597회차,8,10,23,24,35,43
598회차,4,12,24,33,38,45
599회차,5,12,17,29,34,35
600회차,5,11,14,27,29,36
601회차,2,16,19,31,34,35
602회차,13,14,22,27,30,38
603회차,2,19,25,26,27,43
604회차,2,6,18,21,33,34
605회차,1,2,7,9,10,38
606회차,1,5,6,14,20,39
607회차,8,14,23,36,38,39
608회차,4,8,18,19,39,44
609회차,4,8,27,34,39,40
610회차,14,18,20,23,28,36
611회차,2,22,27,33,36,37
612회차,6,9,18,19,25,33
613회차,7,8,11,16,41,44
614회차,8,21,25,39,40,44
615회차,10,17,18,19,23,27
616회차,5,13,18,23,40,45
617회차,4,5,11,12,24,27
618회차,8,16,25,30,42,43
619회차,6,8,13,30,35,40
620회차,2,16,17,32,39,45
621회차,1,2,6,16,19,42
622회차,9,15,16,21,28,34
623회차,7,13,30,39,41,45
624회차,1,7,19,26,27,35
625회차,3,6,7,20,21,39
626회차,13,14,26,33,40,43
627회차,2,9,22,25,31,45
628회차,1,7,12,15,23,42
629회차,19,28,31,38,43,44
630회차,8,17,21,24,27,31
631회차,1,2,4,23,31,34
632회차,15,18,21,32,35,44
633회차,9,12,19,20,39,41
634회차,4,10,11,12,20,27
635회차,11,13,25,26,29,33
636회차,6,7,15,16,20,31
637회차,3,16,22,37,38,44
638회차,7,18,22,24,31,34
639회차,6,15,22,23,25,32
640회차,14,15,18,21,26,35
641회차,11,18,21,36,37,43
642회차,8,17,18,24,39,45
643회차,15,24,31,32,33,40
644회차,5,13,17,23,28,36
645회차,1,4,16,26,40,41
646회차,2,9,24,41,43,45
647회차,5,16,21,23,24,30
648회차,13,19,28,37,38,43
649회차,3,21,22,33,41,42
650회차,3,4,7,11,31,41
651회차,11,12,16,26,29,44
652회차,3,13,15,40,41,44
653회차,5,6,26,27,38,39
654회차,16,21,26,31,36,43
655회차,7,37,38,39,40,44
656회차,3,7,14,16,31,40
657회차,10,14,19,39,40,43
658회차,8,19,25,28,32,36
659회차,7,18,19,27,29,42
660회차,4,9,23,33,39,44
661회차,2,3,12,20,27,38
662회차,5,6,9,11,15,37
663회차,3,5,8,19,38,42
664회차,10,20,33,36,41,44
665회차,5,6,11,17,38,44
666회차,2,4,6,11,17,28
667회차,15,17,25,37,42,43
668회차,12,14,15,24,27,32
669회차,7,8,20,29,33,38
670회차,11,18,26,27,40,41
671회차,7,9,10,13,31,35
672회차,8,21,28,31,36,45
673회차,7,10,17,29,33,44
674회차,9,10,14,25,27,31
675회차,1,8,11,15,18,45
676회차,1,8,17,34,39,45
677회차,12,15,24,36,41,44
678회차,4,5,6,12,25,37
679회차,3,5,7,14,26,34
680회차,4,10,19,29,32,42
681회차,21,24,27,29,43,44
682회차,17,23,27,35,38,43
683회차,6,13,20,27,28,40
684회차,1,11,15,17,25,39
685회차,6,7,12,28,38,40
686회차,7,12,15,24,25,43
687회차,1,8,10,13,28,42
688회차,5,15,22,23,34,35
689회차,7,17,19,30,36,38
690회차,24,25,33,34,38,39
691회차,15,27,33,35,43,45
692회차,3,11,14,15,32,36
693회차,1,6,11,28,34,42
694회차,7,15,20,25,33,43
695회차,4,18,26,33,34,38
696회차,1,7,16,18,34,38
697회차,2,5,8,11,33,39
698회차,3,11,13,21,33,37
699회차,4,5,8,16,21,29
700회차,11,23,28,29,30,44
701회차,3,10,14,16,36,38
702회차,3,13,16,24,26,29
703회차,10,28,31,33,41,44
704회차,1,4,8,23,33,42
705회차,1,6,17,22,28,45
706회차,3,4,6,10,28,30
707회차,2,12,19,24,39,44
708회차,2,10,16,19,34,45
709회차,10,18,30,36,39,44
710회차,3,4,9,24,25,33
711회차,11,15,24,35,37,45
712회차,17,20,30,31,33,45
713회차,2,5,15,18,19,23
714회차,1,7,22,33,37,40
715회차,2,7,27,33,41,44
716회차,2,6,13,16,29,30
717회차,2,11,19,25,28,32
718회차,4,11,20,23,32,39
719회차,4,8,13,19,20,43
720회차,1,12,29,34,36,37
721회차,1,28,35,41,43,44
722회차,12,14,21,30,39,43
723회차,20,30,33,35,36,44
724회차,2,8,33,35,37,41
725회차,6,7,19,21,41,43
726회차,1,11,21,23,34,44
727회차,7,8,10,19,21,31
728회차,3,6,10,30,34,37
729회차,11,17,21,26,36,45
730회차,4,10,14,15,18,22
731회차,2,7,13,25,42,45
732회차,2,4,5,17,27,32
733회차,11,24,32,33,35,40
734회차,6,16,37,38,41,45
735회차,5,10,13,27,37,41
736회차,2,11,17,18,21,27
737회차,13,15,18,24,27,41
738회차,23,27,28,38,42,43
739회차,7,22,29,33,34,35
740회차,4,8,9,16,17,19
741회차,5,21,27,34,44,45
742회차,8,10,13,36,37,40
743회차,15,19,21,34,41,44
744회차,10,15,18,21,34,41
745회차,1,2,3,9,12,23
746회차,3,12,33,36,42,45
747회차,7,9,12,14,23,28
748회차,3,10,13,22,31,32
749회차,12,14,24,26,34,45
750회차,1,2,15,19,24,36
751회차,3,4,16,20,28,44
752회차,4,16,20,33,40,43
753회차,2,17,19,24,37,41
754회차,2,8,17,24,29,31
755회차,13,14,26,28,30,36
756회차,10,14,16,18,27,28
757회차,6,7,11,17,33,44
758회차,5,9,12,30,39,43
759회차,9,33,36,40,42,43
760회차,10,22,27,31,42,43
761회차,4,7,11,24,42,45
762회차,1,3,12,21,26,41
763회차,3,8,16,32,34,43
764회차,7,22,24,31,34,36
765회차,1,3,8,12,42,43
766회차,9,30,34,35,39,41
767회차,5,15,20,31,34,42
768회차,7,27,29,30,38,44
769회차,5,7,11,16,41,45
770회차,1,9,12,23,39,43
771회차,6,10,17,18,21,29
772회차,5,6,11,14,21,41
773회차,8,12,19,21,31,35
774회차,12,15,18,28,34,42
775회차,11,12,29,33,38,42
776회차,8,9,18,21,28,40
777회차,6,12,17,21,34,37
778회차,6,21,35,36,37,41
779회차,6,12,19,24,34,41
780회차,15,17,19,21,27,45
781회차,11,16,18,19,24,39
782회차,6,18,31,34,38,45
783회차,14,15,16,17,38,45
784회차,3,10,23,24,31,39
785회차,4,6,15,25,26,33
786회차,12,15,16,20,24,30
787회차,5,6,13,16,27,28
788회차,2,10,11,19,35,39
789회차,2,6,7,12,19,45
790회차,3,8,19,27,30,41
791회차,2,10,12,31,33,42
792회차,2,7,19,25,29,36
793회차,10,15,21,35,38,43
794회차,6,7,18,19,30,38
795회차,3,10,13,26,34,38
796회차,1,21,26,36,40,41
797회차,5,22,31,32,39,45
798회차,2,10,14,22,32,36
799회차,12,17,23,34,42,45
800회차,1,4,10,12,28,45
801회차,17,25,28,37,43,44
802회차,10,11,12,18,24,42
803회차,5,9,14,26,30,43
804회차,1,10,13,26,32,36
805회차,3,12,13,18,31,32
806회차,14,20,23,31,37,38
807회차,6,10,18,25,34,35
808회차,15,21,31,32,41,43
809회차,6,11,15,17,23,40
810회차,5,10,13,21,39,43
811회차,8,11,19,21,36,45
812회차,1,3,12,14,16,43
813회차,11,30,34,35,42,44
814회차,2,21,28,38,42,45
815회차,17,21,25,26,27,36
816회차,12,18,19,29,31,39
817회차,3,9,12,13,25,43
818회차,14,15,25,28,29,30
819회차,16,25,33,38,40,45
820회차,10,21,22,30,35,42
821회차,1,12,13,24,29,44
822회차,9,18,20,24,27,36
823회차,12,18,24,26,39,40
824회차,7,9,24,29,34,38
825회차,8,15,21,31,33,38
826회차,13,16,24,25,33,36
827회차,5,11,12,29,33,44
828회차,4,7,13,29,31,39
829회차,4,5,31,35,43,45
830회차,5,6,16,18,37,38
831회차,3,10,16,19,31,39
832회차,13,14,19,26,40,43
833회차,12,18,30,39,41,42
834회차,6,8,18,35,42,43
835회차,9,10,13,28,38,45
836회차,1,9,11,14,26,28
837회차,2,25,28,30,33,45
838회차,9,14,17,33,36,38
839회차,3,9,11,12,13,19
840회차,2,4,11,28,29,43
841회차,5,11,14,30,33,38
842회차,14,26,32,36,39,42
843회차,19,21,30,33,34,42
844회차,7,8,13,15,33,45
845회차,1,16,29,33,40,45
846회차,5,18,30,41,43,45
847회차,12,16,26,28,30,42
848회차,1,2,16,22,38,39
849회차,5,13,17,29,34,39
850회차,16,20,24,28,36,39
851회차,14,18,22,26,31,44
852회차,11,17,28,30,33,35
853회차,2,8,23,26,27,44
854회차,20,25,31,32,36,43
855회차,8,15,17,19,43,44
856회차,10,24,40,41,43,44
857회차,6,10,16,28,34,38
858회차,9,13,32,38,39,43
859회차,8,22,35,38,39,41
860회차,4,8,18,25,27,32
861회차,11,17,19,21,22,25
862회차,10,34,38,40,42,43
863회차,16,21,28,35,39,43
864회차,3,7,10,13,25,36
865회차,3,15,22,32,33,45
866회차,9,15,29,34,37,39
867회차,14,17,19,22,24,40
868회차,12,17,28,41,43,44
869회차,2,6,20,27,37,39
870회차,21,25,30,32,40,42
871회차,2,6,12,26,30,34
872회차,2,4,30,32,33,43
873회차,3,5,12,13,33,39
874회차,1,15,19,23,28,42
875회차,19,22,30,34,39,44
876회차,5,16,21,26,34,42
877회차,5,17,18,22,23,43
878회차,2,6,11,16,25,31
879회차,1,4,10,14,15,35
880회차,7,17,19,23,24,45
881회차,4,18,20,26,27,32
882회차,18,34,39,43,44,45
883회차,9,18,32,33,37,44
884회차,4,14,23,28,37,45
885회차,1,3,24,27,39,45
886회차,19,23,28,37,42,45
887회차,8,14,17,27,36,45
888회차,3,7,12,31,34,38
889회차,3,13,29,38,39,42
890회차,1,4,14,18,29,37
891회차,9,13,28,31,39,41
892회차,4,9,17,18,26,42
893회차,1,15,17,23,25,41
894회차,19,32,37,40,41,43
895회차,16,26,31,38,39,41
896회차,5,12,25,26,38,45
897회차,6,7,12,22,26,36
898회차,18,21,28,35,37,42
899회차,8,19,20,21,33,39
900회차,7,13,16,18,35,38
901회차,5,18,20,23,30,34
902회차,7,19,23,24,36,39
903회차,2,15,16,21,22,28
904회차,2,6,8,26,43,45
905회차,3,4,16,27,38,40
906회차,2,5,14,28,31,32
907회차,21,27,29,38,40,44
908회차,3,16,21,22,23,44
909회차,7,24,29,30,34,35
910회차,1,11,17,27,35,39
911회차,4,5,12,14,32,42
912회차,5,8,18,21,22,38
913회차,6,14,16,21,27,37
914회차,16,19,24,33,42,44
915회차,2,6,11,13,22,37
916회차,6,21,22,32,35,36
917회차,1,3,23,24,27,43
918회차,7,11,12,31,33,38
919회차,9,14,17,18,42,44
920회차,2,3,26,33,34,43
921회차,5,7,12,22,28,41
922회차,2,6,13,17,27,43
923회차,3,17,18,23,36,41
924회차,3,11,34,42,43,44
925회차,13,24,32,34,39,42
926회차,10,16,18,20,25,31
927회차,4,15,22,38,41,43
928회차,3,4,10,20,28,44
929회차,7,9,12,15,19,23
930회차,8,21,25,38,39,44
931회차,14,15,23,25,35,43
932회차,1,6,15,36,37,38
933회차,23,27,29,31,36,45
934회차,1,3,30,33,36,39
935회차,4,10,20,32,38,44
936회차,7,11,13,17,18,29
937회차,2,10,13,22,29,40
938회차,4,8,10,16,31,36
939회차,4,11,28,39,42,45
940회차,3,15,20,22,24,41
941회차,12,14,25,27,39,40
942회차,10,12,18,35,42,43
943회차,1,8,13,36,44,45
944회차,2,13,16,19,32,33
945회차,9,10,15,30,33,37
946회차,9,18,19,30,34,40
947회차,3,8,17,20,27,35
948회차,13,18,30,31,38,41
949회차,14,21,35,36,40,44
950회차,3,4,15,22,28,40
951회차,2,12,30,31,39,43
952회차,4,12,22,24,33,41
953회차,7,9,22,27,37,42
954회차,1,9,26,28,30,41
955회차,4,9,23,26,29,33
956회차,10,11,20,21,25,41
957회차,4,15,24,35,36,40
958회차,2,9,10,16,35,37
959회차,1,14,15,24,40,41
960회차,2,18,24,30,32,45
961회차,11,20,29,31,33,42
962회차,1,18,28,31,34,43
963회차,6,12,19,23,34,42
964회차,6,21,36,38,39,43
965회차,2,13,25,28,29,36
966회차,1,21,25,29,34,37
967회차,1,6,13,37,38,40
968회차,2,5,12,14,24,39
969회차,3,9,10,29,40,45
970회차,9,11,16,21,28,36
971회차,2,6,17,18,21,26
972회차,3,6,17,23,37,39
973회차,22,26,31,37,41,42
974회차,1,2,11,16,39,44
975회차,7,8,9,17,22,24
976회차,4,12,14,25,35,37
977회차,2,9,10,14,22,44
978회차,1,7,15,32,34,42
979회차,7,11,16,21,27,33
980회차,3,13,16,23,24,35
981회차,27,36,37,41,43,45
982회차,5,7,13,20,21,44
983회차,13,23,26,31,35,43
984회차,3,10,23,35,36,37
985회차,17,21,23,30,34,44
986회차,7,10,16,28,41,42
987회차,2,4,15,23,29,38
988회차,2,13,20,30,31,41
989회차,17,18,21,27,29,33
990회차,2,4,25,26,36,37
991회차,13,18,25,31,33,44
992회차,12,20,26,33,44,45
993회차,6,14,16,18,24,42
994회차,1,3,8,24,27,35
995회차,1,4,13,29,38,39
996회차,6,11,15,24,32,39
997회차,4,7,14,16,24,44
998회차,13,17,18,20,42,45
999회차,1,3,9,14,18,28
1000회차,2,8,19,22,32,42
1001회차,6,10,12,14,20,42
1002회차,17,25,33,35,38,45
1003회차,1,4,29,39,43,45
1004회차,7,15,30,37,39,44
1005회차,8,13,18,24,27,29
1006회차,8,11,15,16,17,37
1007회차,8,11,16,19,21,25
1008회차,9,11,30,31,41,44
1009회차,15,23,29,34,40,44
1010회차,9,12,15,25,34,36
1011회차,1,9,12,26,35,38
1012회차,5,11,18,20,35,45
1013회차,21,22,26,34,36,41
1014회차,3,11,14,18,26,27
1015회차,14,23,31,33,37,40
1016회차,15,26,28,34,41,42
1017회차,12,18,22,23,30,34
1018회차,3,19,21,25,37,45
1019회차,1,4,13,17,34,39
1020회차,12,27,29,38,41,45
1021회차,12,15,17,24,29,45
1022회차,5,6,11,29,42,45
1023회차,10,14,16,18,29,35
1024회차,9,18,20,22,38,44
1025회차,8,9,20,25,29,33
1026회차,5,12,13,31,32,41
1027회차,14,16,27,35,39,45
1028회차,5,7,12,13,18,35
1029회차,12,30,32,37,39,41
1030회차,2,5,11,17,24,29
1031회차,6,7,22,32,35,36
1032회차,1,6,12,19,36,42
1033회차,3,11,15,20,35,44
1034회차,26,31,32,33,38,40
1035회차,9,14,34,35,41,42
1036회차,2,5,22,32,34,45
1037회차,2,14,15,22,27,33
1038회차,7,16,24,27,37,44
1039회차,2,3,6,19,36,39
1040회차,8,16,26,29,31,36
1041회차,6,7,9,11,17,18
1042회차,5,14,15,23,34,43
1043회차,3,5,12,22,26,31
1044회차,12,17,20,26,28,36
1045회차,6,14,15,19,21,41
1046회차,7,16,25,29,35,36
1047회차,2,20,33,40,42,44
1048회차,6,12,17,21,32,39
1049회차,3,5,13,20,21,37
1050회차,6,12,31,35,38,43
1051회차,21,26,30,32,33,35
1052회차,5,17,26,27,35,38
1053회차,22,26,29,30,34,45
1054회차,14,19,27,28,30,45
1055회차,4,7,12,14,22,33
1056회차,13,20,24,32,36,45
1057회차,8,13,19,27,40,45
1058회차,11,23,25,30,32,40
1059회차,7,10,22,25,34,40
1060회차,3,10,24,33,38,45
1061회차,4,24,27,35,37,45
1062회차,20,31,32,40,41,45
1063회차,3,6,22,23,24,38
1064회차,3,6,9,18,22,35
1065회차,3,18,19,23,32,45
1066회차,6,11,16,19,21,32
1067회차,7,10,19,23,28,33
1068회차,4,7,19,26,33,35
1069회차,1,10,18,22,28,31
1070회차,3,6,14,22,30,41
1071회차,1,2,11,21,30,35
1072회차,16,18,20,23,32,43
1073회차,6,18,28,30,32,38
1074회차,1,6,20,27,28,41
1075회차,1,23,24,35,44,45
1076회차,3,7,9,33,36,37
1077회차,4,8,17,30,40,43
1078회차,6,10,11,14,36,38
1079회차,4,8,18,24,37,45
1080회차,13,16,23,31,36,44
1081회차,1,9,16,23,24,38
1082회차,21,26,27,32,34,42
1083회차,3,7,14,15,22,38
1084회차,8,12,13,29,33,42
1085회차,4,7,17,18,38,44
1086회차,11,16,25,27,35,36
1087회차,13,14,18,21,34,44
1088회차,11,21,22,30,39,44
1089회차,4,18,31,37,42,43
1090회차,12,19,21,29,40,45
1091회차,6,20,23,24,28,30
1092회차,7,18,19,26,33,45
1093회차,10,17,22,30,35,43
1094회차,6,7,15,22,26,40
1095회차,8,14,28,29,34,40
1096회차,1,12,16,19,23,43
1097회차,14,33,34,35,37,40
1098회차,12,16,21,24,41,43
1099회차,3,20,28,38,40,43
1100회차,17,26,29,30,31,43
1101회차,6,7,13,28,36,42
1102회차,13,14,22,26,37,38
1103회차,10,12,29,31,40,44
1104회차,1,7,21,30,35,38
1105회차,6,16,34,37,39,40
1106회차,1,3,4,29,42,45
1107회차,6,14,30,31,40,41
1108회차,7,19,26,37,39,44
1109회차,10,12,13,19,33,40
1110회차,3,7,11,20,22,41
1111회차,3,13,30,33,43,45
1112회차,16,20,26,36,42,44
1113회차,11,13,20,21,32,44
1114회차,10,16,19,32,33,38
1115회차,7,12,23,32,34,36
1116회차,15,16,17,25,30,31
1117회차,3,4,9,30,33,36
1118회차,11,13,14,15,16,45
1119회차,1,9,12,13,20,45
1120회차,2,19,26,31,38,41
1121회차,6,24,31,32,38,44
1122회차,3,6,21,30,34,35
1123회차,13,19,21,24,34,35
1124회차,3,8,17,30,33,34
1125회차,6,14,25,33,40,44
1126회차,4,5,9,11,37,40
1127회차,10,15,24,30,31,37
1128회차,1,5,8,16,28,33
1129회차,5,10,11,17,28,34
1130회차,15,19,21,25,27,28
1131회차,1,2,6,14,27,38
1132회차,6,7,19,28,34,41
1133회차,13,14,20,28,29,34
1134회차,3,7,9,13,19,24
1135회차,1,6,13,19,21,33
1136회차,21,33,35,38,42,44
1137회차,4,9,12,15,33,45
1138회차,14,16,19,20,29,34
1139회차,5,12,15,30,37,40
1140회차,7,10,22,29,31,38
1141회차,7,11,12,21,26,35
1142회차,2,8,28,30,37,41
1143회차,10,16,17,27,28,36
1144회차,3,4,12,15,26,34
1145회차,2,11,31,33,37,44
1146회차,6,11,17,19,40,43
1147회차,7,11,24,26,27,37
1148회차,3,6,13,15,16,22
1149회차,8,15,19,21,32,36
1150회차,8,9,18,35,39,45
1151회차,2,3,9,15,27,29
1152회차,30,31,32,35,36,37
1153회차,1,9,10,13,35,44
1154회차,4,8,22,26,32,38
1155회차,10,16,19,27,37,38
1156회차,30,31,34,39,41,45
1157회차,5,7,12,20,25,26
1158회차,21,25,27,32,37,38
1159회차,3,9,27,28,38,39
1160회차,7,13,18,36,39,45
1161회차,2,12,20,24,34,42
1162회차,20,21,22,25,28,29
1163회차,2,13,15,16,33,43
1164회차,17,18,23,25,38,39
1165회차,6,7,27,29,38,45
1166회차,14,23,25,27,29,42
1167회차,8,23,31,35,39,40
1168회차,9,21,24,30,33,37
1169회차,5,12,24,26,39,42
1170회차,3,13,28,34,38,42
1171회차,3,6,7,11,12,17
1172회차,7,9,24,40,42,44
1173회차,1,5,18,20,30,35
1174회차,8,11,14,17,36,39
1175회차,3,4,6,8,32,42
1176회차,7,9,11,21,30,35
1177회차,3,7,15,16,19,43
1178회차,5,6,11,27,43,44
1179회차,3,16,18,24,40,44
1180회차,6,12,18,37,40,41
1181회차,8,10,14,20,33,41
1182회차,1,13,21,25,28,31
1183회차,4,15,17,23,27,36
1184회차,14,16,23,25,31,37
1185회차,6,17,22,28,29,32
1186회차,2,8,13,16,23,28
1187회차,5,13,26,29,37,40
1188회차,3,4,12,19,22,27
1189회차,9,19,29,35,37,38
1190회차,7,9,19,23,26,45
1191회차,1,4,11,12,20,41
1192회차,10,16,23,36,39,40
1193회차,6,9,16,19,24,28
1194회차,3,13,15,24,33,37
1195회차,3,15,27,33,34,36
1196회차,8,12,15,29,40,45
1197회차,1,5,7,26,28,43
1198회차,26,30,33,38,39,41
1199회차,16,24,25,30,31,32
1200회차,1,2,4,16,20,32
1201회차,7,9,24,27,35,36
1202회차,5,12,21,33,37,40
1203회차,3,6,18,29,35,39
1204회차,8,16,28,30,31,44